Name,class_0_proportion,class_1_proportion,dataset_size,AUC
AntDataset,0.8128559804719284,0.1871440195280716,1229,0.736639089607987
CassDataset,0.8517801857585139,0.14821981424148606,2584,0.9234153299466981
CommonsDataset,0.9296551724137931,0.0703448275862069,725,0.689452124935996
LucenceDataset,0.6311752071187481,0.3688247928812519,3259,0.8669295980238041
