Name,class_0_proportion,class_1_proportion,dataset_size,AUC
CassDataset,0.8517801857585139,0.14821981424148606,2584,0.9234278421460925
AntDataset,0.6311752071187481,0.3688247928812519,3259,0.8617736448552753
LucenceDataset,0.6311752071187481,0.3688247928812519,3259,0.8630721165809869
CommonsDataset,0.9296551724137931,0.0703448275862069,725,0.6666986687147977
