Model,Accuracy,Precision,Recall,F1 Score,AUC Score
Logistic Regression,0.6957664233576643,0.5846774193548387,0.3724315068493151,0.45502092050209203,0.6417746766528487
SVM,0.785985401459854,0.7959183673469388,0.5008561643835616,0.6148187073042565,0.8023299658292922
Random Forest,0.8762043795620438,0.9325581395348838,0.6866438356164384,0.7909270216962525,0.9349114019701266
