Model,Accuracy,Precision,Recall,F1 Score,AUC Score
Logistic Regression,0.950538492221779,0.42105263157894735,0.06611570247933884,0.11428571428571428,0.9048097372413458
SVM,0.947746310331073,0.3333333333333333,0.08264462809917356,0.13245033112582782,0.882877390840509
Random Forest,0.956122856003191,0.6486486486486487,0.19834710743801653,0.3037974683544304,0.9592492016099423
