Model,Accuracy,Precision,Recall,F1 Score,AUC Score
Logistic Regression,0.8501465048137296,0.4,0.08746355685131195,0.14354066985645933,0.7067576926036439
SVM,0.8752616157388029,0.7472527472527473,0.19825072886297376,0.31336405529953915,0.7216812154271008
Random Forest,0.8777731268313101,0.8311688311688312,0.18658892128279883,0.3047619047619048,0.8918432894733093
