Model,Accuracy,Precision,Recall,F1 Score,AUC Score
Logistic Regression,0.9547677261613692,0.0,0.0,0.0,0.8513110307414105
SVM,0.960880195599022,0.25,0.07142857142857142,0.1111111111111111,0.5967902350813743
Random Forest,0.9645476772616137,0.4444444444444444,0.14285714285714285,0.21621621621621623,0.9677667269439422
