Model,Accuracy,Precision,Recall,F1 Score,AUC Score
Logistic Regression,0.842152466367713,0.057971014492753624,0.14814814814814814,0.08333333333333333,0.6335916500855238
SVM,0.8,0.0995260663507109,0.3888888888888889,0.15849056603773584,0.6938684679023981
Random Forest,0.8834080717488789,0.08695652173913043,0.14814814814814814,0.1095890410958904,0.7681956225782804
