Model,Accuracy,Precision,Recall,F1 Score,AUC Score
Logistic Regression,0.9058054594386774,0.8775510204081632,0.36235955056179775,0.5129224652087475,0.8440854833462625
SVM,0.8992695117262591,0.7079646017699115,0.449438202247191,0.5498281786941581,0.8425877730787518
Random Forest,0.9065743944636678,0.7958115183246073,0.42696629213483145,0.5557586837294333,0.9253428342634069
