Model,Accuracy,Precision,Recall,F1 Score,AUC Score
Logistic Regression,0.94529262086514,0.4666666666666667,0.16666666666666666,0.24561403508771928,0.6025985663082436
SVM,0.9096692111959288,0.24561403508771928,0.3333333333333333,0.2828282828282828,0.6124231950844854
Random Forest,0.9643765903307888,1.0,0.3333333333333333,0.5,0.7132776497695852
