Model,Accuracy,Precision,Recall,F1 Score,AUC Score
Logistic Regression,0.7765089722675367,0.5606060606060606,0.25517241379310346,0.35071090047393366,0.7197465369879164
SVM,0.8368678629690048,0.7586206896551724,0.45517241379310347,0.5689655172413793,0.8250515767757147
Random Forest,0.9265905383360522,0.9464285714285714,0.7310344827586207,0.8249027237354085,0.9800987326849395
