Model,Accuracy,Precision,Recall,F1 Score,AUC Score
Logistic Regression,0.7709923664122137,0.489247311827957,0.2791411042944785,0.35546875,0.6866653828165836
SVM,0.8188757807078417,0.6245210727969349,0.5,0.555366269165247,0.7978651407191395
Random Forest,0.8542678695350451,0.7710280373831776,0.5061349693251533,0.6111111111111112,0.9132135684613056
